CODE;COMPANY;SECTORS;SUBSECTORS;SEGMENTS
AALL;AMERICAN AIR;Capital Goods and Services;Transportation;Airlines
AALR;ALLIAR;Health;Medical and Hospitalar Services,Analysis and Diagnostics;Medical and Hospitalar Services,Analysis and Diagnostics
AAPL;APPLE;Information Technology;Hardware and Equipments;Hardware and Equipments
ABBV;ABBVIE;Health;Pharmaceutical and Others Products;Pharmaceutical and Others Products
ABCB;ABC BRASIL;Financial;Financial Intermediaries;Banks
ABCP;FII ABC IMOB;Financial;Financial Management and Mutual Funds;Real Estate Funds
ABEV;AMBEV S/A;Consumer Non Cyclical;Beverage;Beer and Soft Drinks
ABTT;ABBOTT;Health;Pharmaceutical and Others Products;Pharmaceutical and Others Products
ACNB;ACCENTURE;Information Technology;Software and Services;Software and Services
ADHM;ADVANCED-DH;Consumer Non Cyclical;Personal Care and Cleaning Products;Personal Care Products
AEFI;FII AESAPAR;Financial;Financial Management and Mutual Funds;Real Estate Funds
AELP;AES ELPA;Utilities;Electric Utilities;Electric Utilities
AESL;AES SUL;Utilities;Electric Utilities;Electric Utilities
AETB;AETNA INC;Health;Medical and Hospitalar Services,Analysis and Diagnostics;Medical and Hospitalar Services,Analysis and Diagnostics
AFLT;AFLUENTE T;Utilities;Electric Utilities;Electric Utilities
AFLU;AFLUENTE;Utilities;Electric Utilities;Electric Utilities
AGCX;FII AG CAIXA;Financial;Financial Management and Mutual Funds;Real Estate Funds
AGRO;BRASILAGRO;Consumer Non Cyclical;Farming;Agriculture
AGRU;GRUAIRPORT;Capital Goods and Services;Transportation;Warehousing and Storage
AHEB;SPTURIS;Consumer Cyclical;Travel, Entertainment and Leisure;Entertainment
AIGB;AIG GROUP;Financial;Insurance, Life and Multi-line;Insurance
ALEF;ALEF S/A;Financial;Others;Others
ALMI;FII TORRE AL;Financial;Financial Management and Mutual Funds;Real Estate Funds
ALPA;ALPARGATAS;Consumer Cyclical;Textiles, Apparel and Footwear;Footwear
ALSC;ALIANSCE;Financial;Real Estate;Real Estate
ALTR;ALTERE SEC;Financial;Asset-backed Securitization;Asset-backed Securitization
ALTS;ALTUS S/A;Capital Goods and Services;Diversified Services;Diversified Services
ALUP;ALUPAR;Utilities;Electric Utilities;Electric Utilities
AMAR;LOJAS MARISA;Consumer Cyclical;Retail;Apparel, Fabric and Footwear
AMGN;AMGEN;Health;Pharmaceutical and Others Products;Pharmaceutical and Others Products
AMZO;AMAZON;Consumer Cyclical;Retail;Diversified Retailers
ANCR;FII ANCAR IC;Financial;Financial Management and Mutual Funds;Real Estate Funds
ANDG;AGCONCESSOES;Utilities;Electric Utilities;Electric Utilities
ANDV;ANDEAVOR;Oil, Gas and Biofuels;Oil, Gas and Biofuels;Exploration, Refining and Distribution
ANHB;AUTOBAN;Capital Goods and Services;Transportation;Toll Roads and Highways
ANIM;ANIMA;Consumer Cyclical;Diversified;Educational Services
APTI;ALIPERTI;Financial;Holdings - Diversified;Holdings - Diversified
AQLL;FII AQUILLA;Financial;Financial Management and Mutual Funds;Real Estate Funds
ARFI;FII AQUIL RD;Financial;Financial Management and Mutual Funds;Real Estate Funds
ARMT;ARCELOR;Basic Materials;Steel and Metalurgy;Steel
ARZZ;AREZZO CO;Consumer Cyclical;Retail;Apparel, Fabric and Footwear
ASCP;ECOPISTAS;Capital Goods and Services;Transportation;Toll Roads and Highways
ATCR;FII ATICO;Financial;Financial Management and Mutual Funds;Real Estate Funds
ATOM;ATOMPAR;Financial;Others;Others
ATSA;FII CSHGATSA;Financial;Financial Management and Mutual Funds;Real Estate Funds
ATTB;ATT INC;Telecommunications;Telecommunications;Telecommunications
AVON;AVON;Consumer Non Cyclical;Personal Care and Cleaning Products;Personal Care Products
AXPB;AMERICAN EXP;Financial;Diversified Financial Services;Diversified Financial Services
AZEV;AZEVEDO;Capital Goods and Services;Construction and Engineering;Heavy Construction
AZUL;AZUL;Capital Goods and Services;Transportation;Airlines
BAHI;BAHEMA;Financial;Holdings - Diversified;Holdings - Diversified
BALM;BAUMER;Health;Equipments;Equipments
BAUH;EXCELSIOR;Consumer Non Cyclical;Food Processors;Meat, Poultry and Others
BAZA;AMAZONIA;Financial;Financial Intermediaries;Banks
BBAS;BRASIL;Financial;Financial Intermediaries;Banks
BBDC;BRADESCO;Financial;Financial Intermediaries;Banks
BBFI;FII BB PROGR;Financial;Financial Management and Mutual Funds;Real Estate Funds
BBIM;FII BB RECIM;Financial;Financial Management and Mutual Funds;Real Estate Funds
BBPO;FII BB PRGII;Financial;Financial Management and Mutual Funds;Real Estate Funds
BBRC;FII BB CORP;Financial;Financial Management and Mutual Funds;Real Estate Funds
BBRK;BR BROKERS;Financial;Real Estate;Property Agency
BBSD;BB ETF SP DV;Financial;Financial Management and Mutual Funds;Mutual Funds
BBSE;BBSEGURIDADE;Financial;Insurance, Life and Multi-line;Insurance
BBVH;FDC INFRA;Financial;Financial Management and Mutual Funds;Receivables-Backed Funds
BBVJ;FII C JARDIM;Financial;Financial Management and Mutual Funds;Real Estate Funds
BBYY;BEST BUY;Consumer Cyclical;Retail;Electronics and Household Appliance
BCFF;FII BC FFII;Financial;Financial Management and Mutual Funds;Real Estate Funds
BCIA;FII BCIA;Financial;Financial Management and Mutual Funds;Real Estate Funds
BCRI ;FII BEES CRI ;Financial;Financial Management and Mutual Funds;Real Estate Funds
BDLL;BARDELLA;Capital Goods and Services;Machines and Equipments;Machines and Industrial Equipments
BDLS;BRADESCO LSG;Financial;Financial Intermediaries;Leasing
BEEF;MINERVA;Consumer Non Cyclical;Food Processors;Meat, Poultry and Others
BEES;BANESTES;Financial;Financial Intermediaries;Banks
BERK;BERKSHIRE;Financial;Holdings - Diversified;Holdings - Diversified
BETP;BETAPART;Financial;Others;Others
BFRE;BRAZILIAN FR;Financial;Diversified Financial Services;Asset Management and Investments
BGIP;BANESE;Financial;Financial Intermediaries;Banks
BIIB;BIOGEN;Health;Pharmaceutical and Others Products;Pharmaceutical and Others Products
BIOM;BIOMM;Health;Pharmaceutical and Others Products;Pharmaceutical and Others Products
BLAK;BLACKROCK;Financial;Diversified Financial Services;Asset Management and Investments
BMEB;MERC BRASIL;Financial;Financial Intermediaries;Banks
BMII;FII BRASILIO;Financial;Financial Management and Mutual Funds;Real Estate Funds
BMIN;MERC INVEST;Financial;Financial Intermediaries;Banks
BMKS;BIC MONARK;Consumer Cyclical;Travel, Entertainment and Leisure;Bicycles
BMLC;FII BMBRC LC;Financial;Financial Management and Mutual Funds;Real Estate Funds
BMYB;BRISTOLMYERS;Health;Pharmaceutical and Others Products;Pharmaceutical and Others Products
BNBR;NORD BRASIL;Financial;Financial Intermediaries;Banks
BNDP;BNDESPAR;Financial;Diversified Financial Services;Asset Management and Investments
BNFS;FII BANRISUL;Financial;Financial Management and Mutual Funds;Real Estate Funds
BNPA;BONAIRE PART;Utilities;Electric Utilities;Electric Utilities
BOAC;BANK AMERICA;Financial;Financial Intermediaries;Banks
BOBR;BOMBRIL;Consumer Non Cyclical;Personal Care and Cleaning Products;Cleaning Products
BOEI;BOEING;Capital Goods and Services;Transportation Equipment and Components;Aerospace and Defense
BONY;BNY MELLON;Financial;Diversified Financial Services;Asset Management and Investments
BOVA;ISHARES BOVA;Financial;Financial Management and Mutual Funds;Mutual Funds
BOVV;IT NOW IBOV;Financial;Financial Management and Mutual Funds;Mutual Funds
BOXP;BOSTON PROP;Financial;Real Estate;Real Estate
BPAC;BTGP BANCO;Financial;Financial Intermediaries;Banks
BPAN;BANCO PAN;Financial;Financial Intermediaries;Banks
BPAR;BANPARA;Financial;Financial Intermediaries;Banks
BPAT;PATAGONIA;Financial;Financial Intermediaries;Banks
BPFF;FII ABSOLUTO;Financial;Financial Management and Mutual Funds;Real Estate Funds
BPHA;BR PHARMA;Health;Retail and Distribution;Pharmaceutical and Others Products
BRAP;BRADESPAR;Basic Materials;Mining;Metalic Minerals
BRAX;ISHARES BRAX;Financial;Financial Management and Mutual Funds;Mutual Funds
BRCR;FII BC FUND;Financial;Financial Management and Mutual Funds;Real Estate Funds
BRCS;BRC SECURIT;Financial;Asset-backed Securitization;Asset-backed Securitization
BRFS;BRF SA;Consumer Non Cyclical;Food Processors;Meat, Poultry and Others
BRGE;ALFA CONSORC;Financial;Financial Intermediaries;Banks
BRHT;FII BRHOTEIS;Financial;Financial Management and Mutual Funds;Real Estate Funds
BRIN;BR INSURANCE;Financial;Insurance, Life and Multi-line;Insurance Brokers
BRIV;ALFA INVEST;Financial;Financial Intermediaries;Banks
BRKM;BRASKEM;Basic Materials;Chemicals;Petrochemicals
BRML;BR MALLS PAR;Financial;Real Estate;Real Estate
BRPR;BR PROPERT;Financial;Real Estate;Real Estate
BRQB;BRQ;Information Technology;Software and Services;Software and Services
BRSR;BANRISUL;Financial;Financial Intermediaries;Banks
BSAN;BANSANTANDER;Financial;Financial Intermediaries;Banks
BSCS;BRAZILIAN SC;Financial;Asset-backed Securitization;Asset-backed Securitization
BSEV;BIOSEV;Consumer Non Cyclical;Food Processors;Sugar and Alcohol
BSLI;BRB BANCO;Financial;Financial Intermediaries;Banks
BTGM;FII BTGMALLS;Financial;Financial Management and Mutual Funds;Real Estate Funds
BTOW;B2W DIGITAL;Consumer Cyclical;Retail;Diversified Retailers
BTSC;BETA SECURIT;Financial;Asset-backed Securitization;Asset-backed Securitization
BTTL;BATTISTELLA;Financial;Holdings - Diversified;Holdings - Diversified
BVAR;FII B VAREJO;Financial;Financial Management and Mutual Funds;Real Estate Funds
BVLS;BV LEASING;Financial;Financial Intermediaries;Leasing
BVMF;BMFBOVESPA;Financial;Diversified Financial Services;Diversified Financial Services
BZRS;BRAZIL REALT;Financial;Asset-backed Securitization;Asset-backed Securitization
CABB;CABAMBIENTAL;Utilities;Water Utilities;Water Utilities
CABI;CABINDA PART;Financial;Others;Others
CACO;CACONDE PART;Financial;Others;Others
CAIA;CAIANDA PART;Financial;Others;Others
CALI;CONST A LIND;Consumer Cyclical;Heavy Construction;Homebuilding 
CAMB;CAMBUCI;Consumer Cyclical;Textiles, Apparel and Footwear;Footwear
CAML;CAMIL;Consumer Non Cyclical;Food Processors;Other Food Manufacturing
CANT;AGPART;Financial;Holdings - Diversified;Holdings - Diversified
CARD;CSU CARDSYST;Capital Goods and Services;Diversified Services;Diversified Services
CARE;FII DEA CARE;Financial;Financial Management and Mutual Funds;Real Estate Funds
CASN;CASAN;Utilities;Water Utilities;Water Utilities
CATA;IND CATAGUAS;Consumer Cyclical;Textiles, Apparel and Footwear;Fabric, Thread and Fibers
CATP;CATERPILLAR;Capital Goods and Services;Machines and Equipments;Agricultural and Construction Machinery
CBEE;AMPLA ENERG;Utilities;Electric Utilities;Electric Utilities
CBOP;FII C BRANCO;Financial;Financial Management and Mutual Funds;Real Estate Funds
CCPR;CYRE COM-CCP;Financial;Real Estate;Real Estate
CCRO;CCR SA;Capital Goods and Services;Transportation;Toll Roads and Highways
CCXC;CCX CARVAO;Basic Materials;Mining;Non Metalics
CEBR;CEB;Utilities;Electric Utilities;Electric Utilities
CEDO;CEDRO;Consumer Cyclical;Textiles, Apparel and Footwear;Fabric, Thread and Fibers
CEEB;COELBA;Utilities;Electric Utilities;Electric Utilities
CEED;CEEE-D;Utilities;Electric Utilities;Electric Utilities
CEGR;CEG;Utilities;Gas Utilities;Gas Utilities
CELP;CELPA;Utilities;Electric Utilities;Electric Utilities
CEOC;FII CEO CCP;Financial;Financial Management and Mutual Funds;Real Estate Funds
CEPE;CELPE;Utilities;Electric Utilities;Electric Utilities
CESP;CESP;Utilities;Electric Utilities;Electric Utilities
CGAS;COMGAS;Utilities;Gas Utilities;Gas Utilities
CGRA;GRAZZIOTIN;Consumer Cyclical;Retail;Apparel, Fabric and Footwear
CHKE;CHESAPEAKE;Oil, Gas and Biofuels;Oil, Gas and Biofuels;Exploration, Refining and Distribution
CHVX;CHEVRON;Oil, Gas and Biofuels;Oil, Gas and Biofuels;Exploration, Refining and Distribution
CIEL;CIELO;Financial;Diversified Financial Services;Diversified Financial Services
CLGN;CELGENE CORP;Health;Pharmaceutical and Others Products;Pharmaceutical and Others Products
CLSC;CELESC;Utilities;Electric Utilities;Electric Utilities
CMCS;COMCAST;Consumer Cyclical;Media;Production and Broadcast of Movies and Programs
CMGD;CEMIG DIST;Utilities;Electric Utilities;Electric Utilities
CMGT;CEMIG GT;Utilities;Electric Utilities;Electric Utilities
CMIG;CEMIG;Utilities;Electric Utilities;Electric Utilities
CMSA;CIMS;Financial;Others;Others
CNES;FII CENESP;Financial;Financial Management and Mutual Funds;Real Estate Funds
CNSY;CINESYSTEM;Consumer Cyclical;Media;Production and Broadcast of Movies and Programs
COCA;COCA COLA;Consumer Non Cyclical;Beverage;Beer and Soft Drinks
COCE;COELCE;Utilities;Electric Utilities;Electric Utilities
COLG;COLGATE;Consumer Non Cyclical;Personal Care and Cleaning Products;Personal Care Products
COLN;ROD COLINAS;Capital Goods and Services;Transportation;Toll Roads and Highways
COPH;COPHILLIPS;Oil, Gas and Biofuels;Oil, Gas and Biofuels;Exploration, Refining and Distribution
CORR;COR RIBEIRO;Financial;Real Estate;Real Estate
COTY;COTY INC;Consumer Non Cyclical;Personal Care and Cleaning Products;Personal Care Products
COWC;COSTCO;Consumer Cyclical;Retail;Diversified Retailers
CPFE;CPFL ENERGIA;Utilities;Electric Utilities;Electric Utilities
CPFG;CPFL GERACAO;Utilities;Electric Utilities;Electric Utilities
CPFP;CPFL PIRATIN;Utilities;Electric Utilities;Electric Utilities
CPLE;COPEL;Utilities;Electric Utilities;Electric Utilities
CPRE;CPFL RENOVAV;Utilities;Electric Utilities;Electric Utilities
CPTE;CACHOEIRA;Utilities;Electric Utilities;Electric Utilities
CPTP;CAPITALPART;Financial;Others;Others
CPTS;FII CAPI SEC;Financial;Financial Management and Mutual Funds;Real Estate Funds
CRBD;RT BANDEIRAS;Capital Goods and Services;Transportation;Toll Roads and Highways
CRDE;CR2;Consumer Cyclical;Heavy Construction;Homebuilding 
CREM;CREMER;Health;Pharmaceutical and Others Products;Pharmaceutical and Others Products
CRFB;CARREFOUR BR;Consumer Non Cyclical;Retail and Distribution;Food Retailers
CRIV;ALFA FINANC;Financial;Financial Intermediaries;Savings and Loans
CRPG;CRISTAL;Basic Materials;Chemicals;Chemicals - Others
CRTE;CONC RIO TER;Capital Goods and Services;Transportation;Toll Roads and Highways
CSAB;SEG AL BAHIA;Financial;Insurance, Life and Multi-line;Insurance
CSAN;COSAN;Oil, Gas and Biofuels;Oil, Gas and Biofuels;Exploration, Refining and Distribution
CSCO;CISCO;Information Technology;Hardware and Equipments;Hardware and Equipments
CSMG;COPASA;Utilities;Water Utilities;Water Utilities
CSNA;SID NACIONAL;Basic Materials;Steel and Metalurgy;Steel
CSRN;COSERN;Utilities;Electric Utilities;Electric Utilities
CTAX;CONTAX;Capital Goods and Services;Diversified Services;Diversified Services
CTBA;CEPAC - CTBA;Financial;Others Bonds;Others Bonds
CTBC;CTBC TELECOM;Telecommunications;Telecommunications;Telecommunications
CTGP;CITIGROUP;Financial;Financial Intermediaries;Banks
CTKA;KARSTEN;Consumer Cyclical;Textiles, Apparel and Footwear;Fabric, Thread and Fibers
CTNM;COTEMINAS;Consumer Cyclical;Textiles, Apparel and Footwear;Fabric, Thread and Fibers
CTSA;SANTANENSE;Consumer Cyclical;Textiles, Apparel and Footwear;Fabric, Thread and Fibers
CTSH;COGNIZANT;Information Technology;Software and Services;Software and Services
CTXT;FII C TEXTIL;Financial;Financial Management and Mutual Funds;Real Estate Funds
CVCB;CVC BRASIL;Consumer Cyclical;Travel, Entertainment and Leisure;Travel and Tourism
CVSH;CVS HEALTH;Health;Pharmaceutical and Others Products;Pharmaceutical and Others Products
CXCE;FII CX CEDAE;Financial;Financial Management and Mutual Funds;Real Estate Funds
CXRI;FII CX RBRAV;Financial;Financial Management and Mutual Funds;Real Estate Funds
CXTL;FII CX TRX;Financial;Financial Management and Mutual Funds;Real Estate Funds
CYRE;CYRELA REALT;Consumer Cyclical;Heavy Construction;Homebuilding 
CZLT;COSAN LTD;Oil, Gas and Biofuels;Oil, Gas and Biofuels;Exploration, Refining and Distribution
DAGB;DUFRY AG;Consumer Cyclical;Retail;Diversified Retailers
DASA;DASA;Health;Medical and Hospitalar Services,Analysis and Diagnostics;Medical and Hospitalar Services,Analysis and Diagnostics
DBEN;DIBENS LSG;Financial;Financial Intermediaries;Leasing
DEAI;DELTA;Capital Goods and Services;Transportation;Airlines
DHER;DANAHER CORP;Financial;Holdings - Diversified;Holdings - Diversified
DIRR;DIRECIONAL;Consumer Cyclical;Heavy Construction;Homebuilding 
DISB;WALT DISNEY;Consumer Cyclical;Media;Production and Broadcast of Movies and Programs
DIVO;IT NOW IDIV;Financial;Financial Management and Mutual Funds;Mutual Funds
DMMO;DOMMO;Oil, Gas and Biofuels;Oil, Gas and Biofuels;Exploration, Refining and Distribution
DOHL;DOHLER;Consumer Cyclical;Textiles, Apparel and Footwear;Fabric, Thread and Fibers
DOMC;FII DOMO;Financial;Financial Management and Mutual Funds;Real Estate Funds
DOVL;FII DOVEL;Financial;Financial Management and Mutual Funds;Real Estate Funds
DOWB;DOW CHEMICAL;Basic Materials;Chemicals;Petrochemicals
DRIT;FII MTGESTAO;Financial;Financial Management and Mutual Funds;Real Estate Funds
DTCY;DTCOM-DIRECT;Capital Goods and Services;Diversified Services;Diversified Services
DTEX;DURATEX;Basic Materials;Wood and Paper;Wood
DUKB;DUKE ENERGY;Utilities;Electric Utilities;Electric Utilities
DUPO;E I DU PONT;Basic Materials;Chemicals;Chemicals - Others
EALT;ACO ALTONA;Capital Goods and Services;Machines and Equipments;Agricultural and Construction Machinery
EBAY;EBAY;Information Technology;Software and Services;Software and Services
EBEN;EBE;Utilities;Electric Utilities;Electric Utilities
ECNT;ECONORTE;Capital Goods and Services;Transportation;Toll Roads and Highways
ECOO;ISHARES ECOO;Financial;Financial Management and Mutual Funds;Mutual Funds
ECOR;ECORODOVIAS;Capital Goods and Services;Transportation;Toll Roads and Highways
ECOV;ECOVIAS;Capital Goods and Services;Transportation;Toll Roads and Highways
ECPR;ENCORPAR;Consumer Cyclical;Textiles, Apparel and Footwear;Fabric, Thread and Fibers
EDFO;FII OURINVES;Financial;Financial Management and Mutual Funds;Real Estate Funds
EDGA;FII GALERIA;Financial;Financial Management and Mutual Funds;Real Estate Funds
EEEL;CEEE-GT;Utilities;Electric Utilities;Electric Utilities
EGIE;ENGIE BRASIL;Utilities;Electric Utilities;Electric Utilities
EKTR;ELEKTRO;Utilities;Electric Utilities;Electric Utilities
ELDO;FII ELDORADO;Financial;Financial Management and Mutual Funds;Real Estate Funds
ELEK;ELEKEIROZ;Basic Materials;Chemicals;Petrochemicals
ELET;ELETROBRAS;Utilities;Electric Utilities;Electric Utilities
ELPL;ELETROPAULO;Utilities;Electric Utilities;Electric Utilities
EMAE;EMAE;Utilities;Electric Utilities;Electric Utilities
EMBR;EMBRAER;Capital Goods and Services;Transportation Equipment and Components;Aerospace and Defense
EMCC;EMC;Information Technology;Software and Services;Software and Services
ENBR;ENERGIAS BR;Utilities;Electric Utilities;Electric Utilities
ENER;ENERSUL;Utilities;Electric Utilities;Electric Utilities
ENEV;ENEVA;Utilities;Electric Utilities;Electric Utilities
ENGI;ENERGISA;Utilities;Electric Utilities;Electric Utilities
ENMA;CEMAR;Utilities;Electric Utilities;Electric Utilities
EQTL;EQUATORIAL;Utilities;Electric Utilities;Electric Utilities
ERDV;ECON;Capital Goods and Services;Transportation;Toll Roads and Highways
ESCE;ESCELSA;Utilities;Electric Utilities;Electric Utilities
ESRX;EXPRESCRIPTS;Health;Retail and Distribution;Pharmaceutical and Others Products
ESTC;ESTACIO PART;Consumer Cyclical;Diversified;Educational Services
ESTR;ESTRELA;Consumer Cyclical;Travel, Entertainment and Leisure;Toys and Games
ESUD;FIP IE II;Financial;Financial Management and Mutual Funds;Mutual Funds
ESUT;FIP IE III;Financial;Financial Management and Mutual Funds;Mutual Funds
ESUU;FIP IE I;Financial;Financial Management and Mutual Funds;Mutual Funds
ETER;ETERNIT;Capital Goods and Services;Construction and Engineering;Building Products   
ETRO;ELETRON;Financial;Others;Others
EUCA;EUCATEX;Basic Materials;Wood and Paper;Wood
EURO;FII EUROPAR;Financial;Financial Management and Mutual Funds;Real Estate Funds
EVEN;EVEN;Consumer Cyclical;Heavy Construction;Homebuilding 
EXXO;EXXON MOBIL;Oil, Gas and Biofuels;Oil, Gas and Biofuels;Exploration, Refining and Distribution
EZTC;EZTEC;Consumer Cyclical;Heavy Construction;Homebuilding 
FAED;FII ANH EDUC;Financial;Financial Management and Mutual Funds;Real Estate Funds
FAMB;FII ALMIRANT;Financial;Financial Management and Mutual Funds;Real Estate Funds
FBMC;FIBAM;Basic Materials;Steel and Metalurgy;Iron and Steel Products
FBOK;FACEBOOK;Information Technology;Software and Services;Software and Services
FCAS;FII CASTELO;Financial;Financial Management and Mutual Funds;Real Estate Funds
FCCQ;FIP CONQUEST;Financial;Financial Management and Mutual Funds;Mutual Funds
FCFL;FII CAMPUSFL;Financial;Financial Management and Mutual Funds;Real Estate Funds
FCXO;FREEPORT;Basic Materials;Mining;Metalic Minerals
FDCS;BRPR 45 SEC;Financial;Asset-backed Securitization;Asset-backed Securitization
FDES;FUNDES;Financial;Financial Management and Mutual Funds;Sector Incentive Funds
FDMO;FORD MOTORS;Consumer Cyclical;Automobiles and Motorcycles;Automobiles and Motorcycles
FDXB;FEDEX CORP;Capital Goods and Services;Transportation;Trucking
FESA;FERBASA;Basic Materials;Steel and Metalurgy;Steel
FEXC;FII EXCELLEN;Financial;Financial Management and Mutual Funds;Real Estate Funds
FFCI;FII RIOB RC;Financial;Financial Management and Mutual Funds;Real Estate Funds
FHER;FER HERINGER;Basic Materials;Chemicals;Fertilizers
FIBR;FIBRIA;Basic Materials;Wood and Paper;Pulp and Paper
FIGE;INVEST BEMGE;Financial;Others;Others
FIGS;FII GEN SHOP;Financial;Financial Management and Mutual Funds;Real Estate Funds
FIIB;FII INDL BR;Financial;Financial Management and Mutual Funds;Real Estate Funds
FIIP;FII RB CAP I;Financial;Financial Management and Mutual Funds;Real Estate Funds
FIND;IT NOW IFNC;Financial;Financial Management and Mutual Funds;Mutual Funds
FINF;FII INFRA RE;Financial;Financial Management and Mutual Funds;Real Estate Funds
FISD;FII DOMINGOS;Financial;Financial Management and Mutual Funds;Real Estate Funds
FIVN;FII VIDANOVA;Financial;Financial Management and Mutual Funds;Real Estate Funds
FIXX;FII FATORFIX;Financial;Financial Management and Mutual Funds;Real Estate Funds
FJTA;FORJA TAURUS;Capital Goods and Services;Machines and Equipments;Weapons and Munitions
FLMA;FII S F LIMA;Financial;Financial Management and Mutual Funds;Real Estate Funds
FLRP;FII FLORIPA;Financial;Financial Management and Mutual Funds;Real Estate Funds
FLRY;FLEURY;Health;Medical and Hospitalar Services,Analysis and Diagnostics;Medical and Hospitalar Services,Analysis and Diagnostics
FMOF;FII MEMORIAL;Financial;Financial Management and Mutual Funds;Real Estate Funds
FMXB;FEMSA;Consumer Non Cyclical;Beverage;Beer and Soft Drinks
FNAM;FINAM;Financial;Financial Management and Mutual Funds;Sector Incentive Funds
FNCN;FINANSINOS;Financial;Financial Intermediaries;Savings and Loans
FNOR;FINOR;Financial;Financial Management and Mutual Funds;Sector Incentive Funds
FOFT;FII CSHGFOFT;Financial;Financial Management and Mutual Funds;Real Estate Funds
FOMS;FORNODEMINAS;Consumer Non Cyclical;Food Processors;Other Food Manufacturing
FPAB;FII A BRANCA;Financial;Financial Management and Mutual Funds;Real Estate Funds
FPNG;FII P NEGRA;Financial;Financial Management and Mutual Funds;Real Estate Funds
FPOR;FIP PORT SUD;Financial;Financial Management and Mutual Funds;Mutual Funds
FRAS;FRAS-LE;Capital Goods and Services;Transportation Equipment and Components;Transportation Equipment - Diversified
FRIO;METALFRIO;Capital Goods and Services;Machines and Equipments;Machines and Industrial Equipments
FRRN;ALL NORTE;Capital Goods and Services;Transportation;Railroads
FRTA;POMIFRUTAS;Consumer Non Cyclical;Farming;Agriculture
FSLR;FIRST SOLAR;Capital Goods and Services;Electric Equipment;Electric Equipment
FSPE;FISET PESCA;Financial;Financial Management and Mutual Funds;Sector Incentive Funds
FSRF;FISET FL REF;Financial;Financial Management and Mutual Funds;Sector Incentive Funds
FSTU;FISET TUR;Financial;Financial Management and Mutual Funds;Sector Incentive Funds
FTCE;FII OPPORTUN;Financial;Financial Management and Mutual Funds;Real Estate Funds
FTRT;FUTURETEL;Financial;Others;Others
FVBI;FII VBI 4440;Financial;Financial Management and Mutual Funds;Real Estate Funds
FVPQ;FII V PARQUE;Financial;Financial Management and Mutual Funds;Real Estate Funds
GAFL;GAIA AGRO;Financial;Asset-backed Securitization;Asset-backed Securitization
GAIA;GAIA SECURIT;Financial;Asset-backed Securitization;Asset-backed Securitization
GASC;ALL PAULISTA;Capital Goods and Services;Transportation;Railroads
GBIO;BIOTOSCANA;Health;Pharmaceutical and Others Products;Pharmaceutical and Others Products
GDBR;GEN DYNAMICS;Capital Goods and Services;Transportation Equipment and Components;Aerospace and Defense
GEOO;GE;Financial;Holdings - Diversified;Holdings - Diversified
GEPA;GER PARANAP;Utilities;Electric Utilities;Electric Utilities
GFSA;GAFISA;Consumer Cyclical;Heavy Construction;Homebuilding 
GGBR;GERDAU;Basic Materials;Steel and Metalurgy;Steel
GGRC;FII GGRCOVEP;Financial;Financial Management and Mutual Funds;Real Estate Funds
GILD;GILEAD;Health;Pharmaceutical and Others Products;Pharmaceutical and Others Products
GMCO;GENERAL MOT;Consumer Cyclical;Automobiles and Motorcycles;Automobiles and Motorcycles
GOAU;GERDAU MET;Basic Materials;Steel and Metalurgy;Steel
GOGL;ALPHABET;Information Technology;Software and Services;Software and Services
GOLL;GOL;Capital Goods and Services;Transportation;Airlines
GOVE;IT NOW IGCT;Financial;Financial Management and Mutual Funds;Mutual Funds
GPAR;CELGPAR;Utilities;Electric Utilities;Electric Utilities
GPCP;GPC PART;Basic Materials;Chemicals;Petrochemicals
GPIV;GP INVEST;Financial;Diversified Financial Services;Asset Management and Investments
GPRO;GOPRO;Consumer Cyclical;Household Products;Household Appliance
GPSI;GAP;Consumer Cyclical;Retail;Apparel, Fabric and Footwear
GRLV;FII LOUVEIRA;Financial;Financial Management and Mutual Funds;Real Estate Funds
GRND;GRENDENE;Consumer Cyclical;Textiles, Apparel and Footwear;Footwear
GRUC;GRUCAI;Financial;Others;Others
GSGI;GOLDMANSACHS;Financial;Financial Intermediaries;Banks
GSHP;GENERALSHOPP;Financial;Real Estate;Real Estate
GUAR;GUARARAPES;Consumer Cyclical;Retail;Apparel, Fabric and Footwear
GWIR;FII GWI RI;Financial;Financial Management and Mutual Funds;Real Estate Funds
HAGA;HAGA S/A;Capital Goods and Services;Construction and Engineering;Building Products   
HALI;HALLIBURTON;Oil, Gas and Biofuels;Oil, Gas and Biofuels;Equipment and Services
HBOR;HELBOR;Consumer Cyclical;Heavy Construction;Homebuilding 
HBTS;HABITASUL;Financial;Holdings - Diversified;Holdings - Diversified
HCBR;BR HOME;Consumer Cyclical;Retail;Diversified Retailers
HCRI;FII CRIANCA;Financial;Financial Management and Mutual Funds;Real Estate Funds
HETA;HERCULES;Consumer Cyclical;Household Products;Houseware Utensils
HGBS;FII CSHGSHOP;Financial;Financial Management and Mutual Funds;Real Estate Funds
HGCR;FII CSHG CRI;Financial;Financial Management and Mutual Funds;Real Estate Funds
HGJH;FII CSHGJHSF;Financial;Financial Management and Mutual Funds;Real Estate Funds
HGLG;FII CSHG LOG;Financial;Financial Management and Mutual Funds;Real Estate Funds
HGRE;FII HG REAL;Financial;Financial Management and Mutual Funds;Real Estate Funds
HGTX;CIA HERING;Consumer Cyclical;Textiles, Apparel and Footwear;Apparel and Clothing
HOME;HOME DEPOT;Consumer Cyclical;Retail;Diversified Retailers
HONB;HONEYWELL;Financial;Holdings - Diversified;Holdings - Diversified
HOOT;HOTEIS OTHON;Consumer Cyclical;Hotels and Restaurants;Hotels
HPQB;HP COMPANY;Information Technology;Hardware and Equipments;Hardware and Equipments
HSHY;HERSHEY CO;Consumer Non Cyclical;Food Processors;Other Food Manufacturing
HTMX;FII HOTEL MX;Financial;Financial Management and Mutual Funds;Real Estate Funds
HYPE;HYPERMARCAS;Consumer Non Cyclical;Diversified;Diversified Products
IBMB;IBM;Information Technology;Software and Services;Software and Services
IDLQ;FDC UNIVERSI;Financial;Financial Management and Mutual Funds;Receivables-Backed Funds
IDNT;IDEIASNET;Information Technology;Software and Services;Software and Services
IDVL;INDUSVAL;Financial;Financial Intermediaries;Banks
IGBR;IGB S/A;Consumer Cyclical;Household Products;Household Appliance
IGTA;IGUATEMI;Financial;Real Estate;Real Estate
INEP;INEPAR;Capital Goods and Services;Machines and Equipments;Machines and Industrial Equipments
IRBR;IRBBRASIL RE;Financial;Insurance, Life and Multi-line;Insurance
ISUS;IT NOW ISE;Financial;Financial Management and Mutual Funds;Mutual Funds
ITEC;ITAUTEC;Information Technology;Hardware and Equipments;Hardware and Equipments
ITLC;INTEL;Information Technology;Hardware and Equipments;Hardware and Equipments
ITPB;ITAPEBI;Utilities;Electric Utilities;Electric Utilities
ITSA;ITAUSA;Financial;Financial Intermediaries;Banks
ITUB;ITAUUNIBANCO;Financial;Financial Intermediaries;Banks
IVPR;INVEPAR;Capital Goods and Services;Transportation;Toll Roads and Highways
IVVB;ISHARE SP500;Financial;Financial Management and Mutual Funds;Mutual Funds
JBDU;J B DUARTE;Financial;Holdings - Diversified;Holdings - Diversified
JBSS;JBS;Consumer Non Cyclical;Food Processors;Meat, Poultry and Others
JCPC;JC PENNEY;Consumer Cyclical;Retail;Apparel, Fabric and Footwear
JFEN;JOAO FORTES;Consumer Cyclical;Heavy Construction;Homebuilding 
JHSF;JHSF PART;Consumer Cyclical;Heavy Construction;Homebuilding 
JMCD;J.MACEDO;Consumer Non Cyclical;Food Processors;Other Food Manufacturing
JNJB;JOHNSON;Health;Pharmaceutical and Others Products;Pharmaceutical and Others Products
JOPA;JOSAPAR;Consumer Non Cyclical;Food Processors;Other Food Manufacturing
JPMC;JPMORGAN;Financial;Financial Intermediaries;Banks
JPPC;FII JPP CAPI;Financial;Financial Management and Mutual Funds;Real Estate Funds
JRDM;FII SHOPJSUL;Financial;Financial Management and Mutual Funds;Real Estate Funds
JSLG;JSL;Capital Goods and Services;Transportation;Trucking
JSRE;FII JS REAL;Financial;Financial Management and Mutual Funds;Real Estate Funds
JTPR;FII JT PREV;Financial;Financial Management and Mutual Funds;Real Estate Funds
KEPL;KEPLER WEBER;Capital Goods and Services;Machines and Equipments;Machines and Industrial Equipments
KHCB;KRAFT HEINZ;Consumer Non Cyclical;Food Processors;Other Food Manufacturing
KINP;FII EV KINEA;Financial;Financial Management and Mutual Funds;Real Estate Funds
KLBN;KLABIN S/A;Basic Materials;Wood and Paper;Pulp and Paper
KMBB;KIMBERLY CL;Consumer Non Cyclical;Personal Care and Cleaning Products;Personal Care Products
KNCR;FII KINEA RI;Financial;Financial Management and Mutual Funds;Real Estate Funds
KNRE;FII KII REAL;Financial;Financial Management and Mutual Funds;Real Estate Funds
KNRI;FII KINEA;Financial;Financial Management and Mutual Funds;Real Estate Funds
KROT;KROTON;Consumer Cyclical;Diversified;Educational Services
LAME;LOJAS AMERIC;Consumer Cyclical;Retail;Diversified Retailers
LATR;FII LATERES;Financial;Financial Management and Mutual Funds;Real Estate Funds
LBRN;L BRANDS;Consumer Cyclical;Retail;Apparel, Fabric and Footwear
LCAM;LOCAMERICA;Consumer Cyclical;Diversified;Car Rental
LECA;FDC LECCA;Financial;Financial Management and Mutual Funds;Receivables-Backed Funds
LEVE;METAL LEVE;Consumer Cyclical;Automobiles and Motorcycles;Automobiles and Motorcycles
LHER;LOJAS HERING;Consumer Cyclical;Retail;Apparel, Fabric and Footwear
LIGH;LIGHT;Utilities;Electric Utilities;Electric Utilities
LIGT;LIGHT S/A;Utilities;Electric Utilities;Electric Utilities
LILY;LILLY;Health;Pharmaceutical and Others Products;Pharmaceutical and Others Products
LINX;LINX;Information Technology;Software and Services;Software and Services
LIPR;ELETROPAR;Utilities;Electric Utilities;Electric Utilities
LIXC;LIX DA CUNHA;Capital Goods and Services;Construction and Engineering;Heavy Construction
LLIS;LE LIS BLANC;Consumer Cyclical;Retail;Apparel, Fabric and Footwear
LMTB;LOCKHEED;Capital Goods and Services;Transportation Equipment and Components;Aerospace and Defense
LOGN;LOG-IN;Capital Goods and Services;Transportation;Marine and Water Transport
LPSB;LOPES BRASIL;Financial;Real Estate;Property Agency
LREN;LOJAS RENNER;Consumer Cyclical;Retail;Apparel, Fabric and Footwear
LTEL;LITEL;Basic Materials;Mining;Metalic Minerals
LUPA;LUPATECH;Oil, Gas and Biofuels;Oil, Gas and Biofuels;Equipment and Services
LUXM;TREVISA;Capital Goods and Services;Transportation;Marine and Water Transport
MACY;MACY S;Consumer Cyclical;Retail;Apparel, Fabric and Footwear
MAGG;MAGNESITA SA;Basic Materials;Diversified Materials;Other Materials
MAPT;CEMEPE;Financial;Others;Others
MATB;IT NOW IMAT;Financial;Financial Management and Mutual Funds;Mutual Funds
MAXR;FII MAX RET;Financial;Financial Management and Mutual Funds;Real Estate Funds
MBRF;FII MERC BR;Financial;Financial Management and Mutual Funds;Real Estate Funds
MCDC;MCDONALDS;Consumer Cyclical;Hotels and Restaurants;Restaurants and Similars
MCRJ;CEPAC - MCRJ;Financial;Others Bonds;Others Bonds
MDIA;M.DIASBRANCO;Consumer Non Cyclical;Food Processors;Other Food Manufacturing
MDLZ;MONDELEZ INT;Consumer Non Cyclical;Food Processors;Other Food Manufacturing
MDTC;MEDTRONIC;Health;Pharmaceutical and Others Products;Pharmaceutical and Others Products
MEAL;IMC S/A;Consumer Cyclical;Hotels and Restaurants;Restaurants and Similars
MEND;MENDES JR;Capital Goods and Services;Construction and Engineering;Heavy Construction
MERC;MERC FINANC;Financial;Financial Intermediaries;Savings and Loans
METB;METLIFE INC;Financial;Insurance, Life and Multi-line;Insurance
MFII;FII MERITO I;Financial;Financial Management and Mutual Funds;Real Estate Funds
MGEL;MANGELS INDL;Basic Materials;Steel and Metalurgy;Iron and Steel Products
MGIP;MGI PARTICIP;Financial;Others;Others
MGLU;MAGAZ LUIZA;Consumer Cyclical;Retail;Electronics and Household Appliance
MILS;MILLS;Capital Goods and Services;Construction and Engineering;Diversified Services
MLFT;JEREISSATI;Telecommunications;Telecommunications;Telecommunications
MMAQ;MINASMAQUINA;Capital Goods and Services;Retail;Transportation Material
MMMC;3M;Financial;Holdings - Diversified;Holdings - Diversified
MMXM;MMX MINER;Basic Materials;Mining;Metalic Minerals
MNDL;MUNDIAL;Consumer Cyclical;Textiles, Apparel and Footwear;Accessories
MNPR;MINUPAR;Consumer Non Cyclical;Food Processors;Meat, Poultry and Others
MNZC;MENEZES CORT;Financial;Real Estate;Real Estate
MOAR;MONT ARANHA;Financial;Holdings - Diversified;Holdings - Diversified
MOSC;MOSAIC CO;Basic Materials;Chemicals;Fertilizers
MOVI;MOVIDA;Consumer Cyclical;Diversified;Car Rental
MPLU;MULTIPLUS;Consumer Cyclical;Diversified;Loyalty Programs
MRCK;MERCK;Health;Pharmaceutical and Others Products;Pharmaceutical and Others Products
MRFG;MARFRIG;Consumer Non Cyclical;Food Processors;Meat, Poultry and Others
MRSA;MRS LOGIST;Capital Goods and Services;Transportation;Railroads
MRVE;MRV;Consumer Cyclical;Heavy Construction;Homebuilding 
MSBR;MORGAN STAN;Financial;Diversified Financial Services;Diversified Financial Services
MSCD;MASTERCARD;Financial;Diversified Financial Services;Diversified Financial Services
MSFT;MICROSOFT;Information Technology;Software and Services;Software and Services
MSPA;MELHOR SP;Consumer Cyclical;Media;Books, Magazines and Newspapers
MTIG;METAL IGUACU;Basic Materials;Packaging;Packaging
MTSA;METISA;Capital Goods and Services;Machines and Equipments;Agricultural and Construction Machinery
MULT;MULTIPLAN;Financial;Real Estate;Real Estate
MWET;WETZEL S/A;Capital Goods and Services;Transportation Equipment and Components;Transportation Equipment - Diversified
MXRF;FII MAXI REN;Financial;Financial Management and Mutual Funds;Real Estate Funds
MYPK;IOCHP-MAXION;Consumer Cyclical;Automobiles and Motorcycles;Automobiles and Motorcycles
NAFG;NADIR FIGUEI;Consumer Cyclical;Household Products;Houseware Utensils
NATU;NATURA;Consumer Non Cyclical;Personal Care and Cleaning Products;Personal Care Products
NCHB;FII NCH BRA;Financial;Financial Management and Mutual Funds;Real Estate Funds
NEMO;SUZANO HOLD;Basic Materials;Wood and Paper;Pulp and Paper
NEOE;NEOENERGIA;Utilities;Electric Utilities;Electric Utilities
NEWT;NEWTEL PART;Financial;Others;Others
NFLX;NETFLIX;Consumer Cyclical;Media;Production and Broadcast of Movies and Programs
NIKE;NIKE;Consumer Cyclical;Textiles, Apparel and Footwear;Footwear
NOOS;PATRIA SEC;Financial;Asset-backed Securitization;Asset-backed Securitization
NORD;NORDON MET;Capital Goods and Services;Machines and Equipments;Machines and Industrial Equipments
NPPF;FDC NP DB I;Financial;Financial Management and Mutual Funds;Receivables-Backed Funds
NRTQ;NORTCQUIMICA;Health;Pharmaceutical and Others Products;Pharmaceutical and Others Products
NSLU;FII LOURDES;Financial;Financial Management and Mutual Funds;Real Estate Funds
NUTR;NUTRIPLANT;Basic Materials;Chemicals;Fertilizers
NVHO;FII NOVOHORI;Financial;Financial Management and Mutual Funds;Real Estate Funds
NVRP;FIP NVRAPOSO;Financial;Financial Management and Mutual Funds;Mutual Funds
OCTS;OCTANTE SEC;Financial;Asset-backed Securitization;Asset-backed Securitization
ODER;ODERICH;Consumer Non Cyclical;Food Processors;Other Food Manufacturing
ODPV;ODONTOPREV;Health;Medical and Hospitalar Services,Analysis and Diagnostics;Medical and Hospitalar Services,Analysis and Diagnostics
OFSA;OUROFINO S/A;Health;Pharmaceutical and Others Products;Pharmaceutical and Others Products
OGXP;OGX PETROLEO;Oil, Gas and Biofuels;Oil, Gas and Biofuels;Exploration, Refining and Distribution
OIBR;OI;Telecommunications;Telecommunications;Telecommunications
OMGE;OMEGA GER;Utilities;Electric Utilities;Electric Utilities
ONEF;FII THE ONE;Financial;Financial Management and Mutual Funds;Real Estate Funds
OPEQ;FIP INSTITUT;Financial;Financial Management and Mutual Funds;Mutual Funds
OPGM;GAMA PART;Financial;Others;Others
OPHE;OPPORT ENERG;Financial;Others;Others
OPHF;FIP OPP HOLD;Financial;Financial Management and Mutual Funds;Mutual Funds
OPIM;FDC BURITI;Financial;Financial Management and Mutual Funds;Receivables-Backed Funds
OPRE;RET PART;Financial;Others;Others
OPSE;SUDESTE S/A;Financial;Others;Others
OPTS;SUL 116 PART;Financial;Others;Others
ORCL;ORACLE;Information Technology;Software and Services;Software and Services
OSXB;OSX BRASIL;Oil, Gas and Biofuels;Oil, Gas and Biofuels;Equipment and Services
OUJP;FII OURI JPP;Financial;Financial Management and Mutual Funds;Real Estate Funds
PABY;FII PANAMBY;Financial;Financial Management and Mutual Funds;Real Estate Funds
PACF;PACIFIC RDSL;Health;Medical and Hospitalar Services,Analysis and Diagnostics;Medical and Hospitalar Services,Analysis and Diagnostics
PALF;PAUL F LUZ;Utilities;Electric Utilities;Electric Utilities
PARD;IHPARDINI;Health;Medical and Hospitalar Services,Analysis and Diagnostics;Medical and Hospitalar Services,Analysis and Diagnostics
PATI;PANATLANTICA;Basic Materials;Steel and Metalurgy;Iron and Steel Products
PCAR;P.ACUCAR-CBD;Consumer Non Cyclical;Retail and Distribution;Food Retailers
PDGR;PDG REALT;Consumer Cyclical;Heavy Construction;Homebuilding 
PDGS;PDG SECURIT;Financial;Asset-backed Securitization;Asset-backed Securitization
PEAB;PAR AL BAHIA;Financial;Holdings - Diversified;Holdings - Diversified
PEPB;PEPSICO INC;Consumer Non Cyclical;Beverage;Beer and Soft Drinks
PETR;PETROBRAS;Oil, Gas and Biofuels;Oil, Gas and Biofuels;Exploration, Refining and Distribution
PFIZ;PFIZER;Health;Pharmaceutical and Others Products;Pharmaceutical and Others Products
PFRM;PROFARMA;Health;Retail and Distribution;Pharmaceutical and Others Products
PGCO;PG;Consumer Non Cyclical;Personal Care and Cleaning Products;Personal Care Products
PIBB;IT NOW PIBB;Financial;Financial Management and Mutual Funds;Mutual Funds
PINE;PINE;Financial;Financial Intermediaries;Banks
PLAS;PLASCAR PART;Consumer Cyclical;Automobiles and Motorcycles;Automobiles and Motorcycles
PLPF;FDC POLO;Financial;Financial Management and Mutual Funds;Receivables-Backed Funds
PLRI;FII POLO I;Financial;Financial Management and Mutual Funds;Real Estate Funds
PLSC;POLO CAP SEC;Financial;Asset-backed Securitization;Asset-backed Securitization
PMAM;PARANAPANEMA;Basic Materials;Steel and Metalurgy;Copper Products
PMSP;CEPAC - PMSP;Financial;Others Bonds;Others Bonds
PNVL;DIMED;Health;Retail and Distribution;Pharmaceutical and Others Products
POMO;MARCOPOLO;Capital Goods and Services;Transportation Equipment and Components;Transportation Equipment - Diversified
PORD;FII POLO CRI;Financial;Financial Management and Mutual Funds;Real Estate Funds
POSI;POSITIVO TEC;Information Technology;Hardware and Equipments;Hardware and Equipments
PPAR;POLPAR;Financial;Others;Others
PPLA;PPLA;Financial;Diversified Financial Services;Asset Management and Investments
PQDP;FII D PEDRO;Financial;Financial Management and Mutual Funds;Real Estate Funds
PRBC;PARANA;Financial;Financial Intermediaries;Banks
PRCA;PRATICA;Capital Goods and Services;Machines and Equipments;Machines and Industrial Equipments
PRIO;PETRORIO;Oil, Gas and Biofuels;Oil, Gas and Biofuels;Exploration, Refining and Distribution
PRML;PRUMO;Capital Goods and Services;Transportation;Warehousing and Storage
PRMN;PROMAN;Utilities;Electric Utilities;Electric Utilities
PRPT;PROMPT PART;Financial;Others;Others
PRSN;FII PERSONAL;Financial;Financial Management and Mutual Funds;Real Estate Funds
PRSV;FII P VARGAS;Financial;Financial Management and Mutual Funds;Real Estate Funds
PSEG;SAUIPE;Consumer Cyclical;Hotels and Restaurants;Hotels
PSSA;PORTO SEGURO;Financial;Insurance, Life and Multi-line;Insurance
PTBL;PORTOBELLO;Capital Goods and Services;Construction and Engineering;Building Products   
PTNT;PETTENATI;Consumer Cyclical;Textiles, Apparel and Footwear;Fabric, Thread and Fibers
QCOM;QUALCOMM;Information Technology;Hardware and Equipments;Hardware and Equipments
QGEP;QGEP PART;Oil, Gas and Biofuels;Oil, Gas and Biofuels;Exploration, Refining and Distribution
QUAL;QUALICORP;Health;Medical and Hospitalar Services,Analysis and Diagnostics;Medical and Hospitalar Services,Analysis and Diagnostics
QUSW;QUALITY SOFT;Information Technology;Software and Services;Software and Services
QVQP;524 PARTICIP;Financial;Others;Others
RADL;RAIADROGASIL;Health;Retail and Distribution;Pharmaceutical and Others Products
RAIL;RUMO S.A.;Capital Goods and Services;Transportation;Railroads
RANI;CELUL IRANI;Basic Materials;Wood and Paper;Pulp and Paper
RAPT;RANDON PART;Capital Goods and Services;Transportation Equipment and Components;Transportation Equipment - Diversified
RBBV;FII JHSF FBV;Financial;Financial Management and Mutual Funds;Real Estate Funds
RBCB;FII RIOBRCIB;Financial;Financial Management and Mutual Funds;Real Estate Funds
RBCS;RBCAPITALSEC;Financial;Asset-backed Securitization;Asset-backed Securitization
RBDS;FII RBRESID2;Financial;Financial Management and Mutual Funds;Real Estate Funds
RBGS;FII RB GSB I;Financial;Financial Management and Mutual Funds;Real Estate Funds
RBRA;RBCAPITALRES;Financial;Asset-backed Securitization;Asset-backed Securitization
RBRD;FII RB II;Financial;Financial Management and Mutual Funds;Real Estate Funds
RBRF;FII RBRALPHA;Financial;Financial Management and Mutual Funds;Real Estate Funds
RBVO;FII RIOBCRI2;Financial;Financial Management and Mutual Funds;Real Estate Funds
RCSL;RECRUSUL;Capital Goods and Services;Transportation Equipment and Components;Transportation Equipment - Diversified
RDES;FII RD ESCRI;Financial;Financial Management and Mutual Funds;Real Estate Funds
RDNI;RODOBENSIMOB;Consumer Cyclical;Heavy Construction;Homebuilding 
RDTR;REDENTOR;Utilities;Electric Utilities;Electric Utilities
RDVT;ROD TIETE;Capital Goods and Services;Transportation;Toll Roads and Highways
REDE;REDE ENERGIA;Utilities;Electric Utilities;Electric Utilities
REIT;FII REIT RIV;Financial;Financial Management and Mutual Funds;Real Estate Funds
RENT;LOCALIZA;Consumer Cyclical;Diversified;Car Rental
RESA;RAIZEN ENERG;Consumer Non Cyclical;Food Processors;Sugar and Alcohol
RGEG;RIO GDE ENER;Utilities;Electric Utilities;Electric Utilities
RIGG;TRANSOCEAN;Oil, Gas and Biofuels;Oil, Gas and Biofuels;Equipment and Services
RLOG;COSAN LOG;Capital Goods and Services;Transportation;Railroads
RNDP;FII BB R PAP;Financial;Financial Management and Mutual Funds;Real Estate Funds
RNEW;RENOVA;Utilities;Electric Utilities;Electric Utilities
RNGO;FII RIONEGRO;Financial;Financial Management and Mutual Funds;Real Estate Funds
ROMI;INDS ROMI;Capital Goods and Services;Machines and Equipments;Machines and Industrial Equipments
ROST;ROSS STORES;Consumer Cyclical;Retail;Apparel, Fabric and Footwear
RPAD;ALFA HOLDING;Financial;Financial Intermediaries;Banks
RPMG;PET MANGUINH;Oil, Gas and Biofuels;Oil, Gas and Biofuels;Exploration, Refining and Distribution
RPTA;CONC RAPOSO;Capital Goods and Services;Transportation;Toll Roads and Highways
RSID;ROSSI RESID;Consumer Cyclical;Heavy Construction;Homebuilding 
RSUL;RIOSULENSE;Capital Goods and Services;Transportation Equipment and Components;Transportation Equipment - Diversified
SAAG;FII SANT AGE;Financial;Financial Management and Mutual Funds;Real Estate Funds
SAIC;FII SIA CORP;Financial;Financial Management and Mutual Funds;Real Estate Funds
SANB;SANTANDER BR;Financial;Financial Intermediaries;Banks
SANC;SANCHEZ ENER;Oil, Gas and Biofuels;Oil, Gas and Biofuels;Exploration, Refining and Distribution
SAPR;SANEPAR;Utilities;Water Utilities;Water Utilities
SBSP;SABESP;Utilities;Water Utilities;Water Utilities
SBUB;STARBUCKS;Consumer Cyclical;Hotels and Restaurants;Restaurants and Similars
SCAR;SAO CARLOS;Financial;Real Estate;Real Estate
SCHW;SCHWAB;Financial;Diversified Financial Services;Diversified Financial Services
SCPF;FII SCP;Financial;Financial Management and Mutual Funds;Real Estate Funds
SDIL;FII SDI LOG;Financial;Financial Management and Mutual Funds;Real Estate Funds
SEDU;SOMOS EDUCA;Consumer Cyclical;Diversified;Educational Services
SEER;SER EDUCA;Consumer Cyclical;Diversified;Educational Services
SFND;FII SAO FER;Financial;Financial Management and Mutual Funds;Real Estate Funds
SGPS;SPRINGS;Consumer Cyclical;Textiles, Apparel and Footwear;Fabric, Thread and Fibers
SHDP;FII SHOP PDP;Financial;Financial Management and Mutual Funds;Real Estate Funds
SHOW;TIME FOR FUN;Consumer Cyclical;Travel, Entertainment and Leisure;Entertainment
SHPH;FII HIGIENOP;Financial;Financial Management and Mutual Funds;Real Estate Funds
SHUL;SCHULZ;Capital Goods and Services;Machines and Equipments;Motors, Compressors and Others
SING;FIA FATOR SG;Financial;Financial Management and Mutual Funds;Mutual Funds
SLBG;SCHLUMBERGER;Oil, Gas and Biofuels;Oil, Gas and Biofuels;Equipment and Services
SLCE;SLC AGRICOLA;Consumer Non Cyclical;Farming;Agriculture
SLCT;SELECTPART;Financial;Others;Others
SLED;SARAIVA LIVR;Consumer Cyclical;Retail;Diversified Retailers
SMAL;ISHARES SMAL;Financial;Financial Management and Mutual Funds;Mutual Funds
SMLS;SMILES;Consumer Cyclical;Diversified;Loyalty Programs
SMTO;SAO MARTINHO;Consumer Non Cyclical;Food Processors;Sugar and Alcohol
SNSL;SENIOR SOL;Information Technology;Software and Services;Software and Services
SNST;SANESALTO;Utilities;Water Utilities;Water Utilities
SNSY;SANSUY;Basic Materials;Diversified Materials;Other Materials
SOND;SONDOTECNICA;Capital Goods and Services;Construction and Engineering;Consultive Engineering
SPAF;FII SPA;Financial;Financial Management and Mutual Funds;Real Estate Funds
SPRI;SPRINGER;Financial;Holdings - Diversified;Holdings - Diversified
SPRN;SPRINT;Telecommunications;Telecommunications;Telecommunications
SPRT;LONGDIS;Financial;Others;Others
SPTW;FII SP DOWNT;Financial;Financial Management and Mutual Funds;Real Estate Funds
SPXI;IT NOW SPXI;Financial;Financial Management and Mutual Funds;Mutual Funds
SQRM;ITAITINGA;Financial;Others;Others
SSBR;SIERRABRASIL;Financial;Real Estate;Real Estate
SSFO;SALESFORCE;Information Technology;Software and Services;Software and Services
STBP;SANTOS BRP;Capital Goods and Services;Transportation;Warehousing and Storage
STKF;STATKRAFT;Utilities;Electric Utilities;Electric Utilities
STTR;STARA;Capital Goods and Services;Machines and Equipments;Agricultural and Construction Machinery
STTZ;SANTHER;Basic Materials;Wood and Paper;Pulp and Paper
SULA;SUL AMERICA;Financial;Insurance, Life and Multi-line;Insurance
SUZB;SUZANO PAPEL;Basic Materials;Wood and Paper;Pulp and Paper
TAEE;TAESA;Utilities;Electric Utilities;Electric Utilities
TBOF;FII TBOFFICE;Financial;Financial Management and Mutual Funds;Real Estate Funds
TCNO;TECNOSOLO;Capital Goods and Services;Construction and Engineering;Consultive Engineering
TCSA;TECNISA;Consumer Cyclical;Heavy Construction;Homebuilding 
TECN;TECHNOS;Consumer Cyclical;Textiles, Apparel and Footwear;Accessories
TEKA;TEKA;Consumer Cyclical;Textiles, Apparel and Footwear;Fabric, Thread and Fibers
TELB;TELEBRAS;Telecommunications;Telecommunications;Telecommunications
TEND;TENDA;Consumer Cyclical;Heavy Construction;Homebuilding 
TESA;TERRA SANTA;Consumer Non Cyclical;Farming;Agriculture
TEXA;TEXAS INC;Information Technology;Hardware and Equipments;Hardware and Equipments
TFOF;FII TOPFOFII;Financial;Financial Management and Mutual Funds;Real Estate Funds
TGAR;FII TG ATIVO;Financial;Financial Management and Mutual Funds;Real Estate Funds
TGMA;TEGMA;Capital Goods and Services;Transportation;Trucking
TGTB;TARGET CORP;Consumer Non Cyclical;Retail and Distribution;Food Retailers
THRA;FII BM THERA;Financial;Financial Management and Mutual Funds;Real Estate Funds
TIET;AES TIETE E;Utilities;Electric Utilities;Electric Utilities
TIFF;TIFFANY;Consumer Cyclical;Retail;Diversified Retailers
TIMP;TIM PART S/A;Telecommunications;Telecommunications;Telecommunications
TKNO;TEKNO;Basic Materials;Steel and Metalurgy;Iron and Steel Products
TLVT;TELINVEST;Financial;Others;Others
TMOS;THERMFISCHER;Health;Medical and Hospitalar Services,Analysis and Diagnostics;Medical and Hospitalar Services,Analysis and Diagnostics
TMPE;TERMOPE;Utilities;Electric Utilities;Electric Utilities
TOTS;TOTVS;Information Technology;Software and Services;Software and Services
TOYB;TECTOY;Consumer Cyclical;Travel, Entertainment and Leisure;Toys and Games
TPIS;TRIUNFO PART;Capital Goods and Services;Transportation;Toll Roads and Highways
TRIA;TRIANGULOSOL;Capital Goods and Services;Transportation;Toll Roads and Highways
TRIS;TRISUL;Consumer Cyclical;Heavy Construction;Homebuilding 
TRNT;FII TORRE NO;Financial;Financial Management and Mutual Funds;Real Estate Funds
TRPL;TRAN PAULIST;Utilities;Electric Utilities;Electric Utilities
TRPN;TARPON INV;Financial;Diversified Financial Services;Asset Management and Investments
TRVC;TRAVELERS;Financial;Insurance, Life and Multi-line;Insurance
TRXL;FII TRX LOG;Financial;Financial Management and Mutual Funds;Real Estate Funds
TSLA;TESLA INC;Consumer Cyclical;Automobiles and Motorcycles;Automobiles and Motorcycles
TSNC;FII TRANSINC;Financial;Financial Management and Mutual Funds;Real Estate Funds
TUPY;TUPY;Capital Goods and Services;Transportation Equipment and Components;Transportation Equipment - Diversified
TWTR;TWITTER;Information Technology;Software and Services;Software and Services
TWXB;TIME WARNER;Consumer Cyclical;Media;Production and Broadcast of Movies and Programs
TXRX;TEX RENAUX;Consumer Cyclical;Textiles, Apparel and Footwear;Fabric, Thread and Fibers
UBSG;UBS GROUP;Financial;Financial Intermediaries;Banks
UCAS;UNICASA;Consumer Cyclical;Household Products;Home Furnishing
UGPA;ULTRAPAR;Oil, Gas and Biofuels;Oil, Gas and Biofuels;Exploration, Refining and Distribution
UNAG;FDC UNION AG;Financial;Financial Management and Mutual Funds;Receivables-Backed Funds
UNID;UNIDAS;Consumer Cyclical;Diversified;Car Rental
UNIP;UNIPAR;Basic Materials;Chemicals;Chemicals - Others
UPAC;UNIONPACIFIC;Capital Goods and Services;Transportation;Railroads
UPKP;UPTICK;Utilities;Electric Utilities;Electric Utilities
UPSS;UPS;Capital Goods and Services;Transportation;Trucking
USBC;US BANCORP;Financial;Financial Intermediaries;Banks
USIM;USIMINAS;Basic Materials;Steel and Metalurgy;Steel
USSX;US STEEL;Basic Materials;Steel and Metalurgy;Steel
UTEC;UNITED TECH;Capital Goods and Services;Transportation Equipment and Components;Aerospace and Defense
VALE;VALE;Basic Materials;Mining;Metalic Minerals
VERE;FII VEREDA;Financial;Financial Management and Mutual Funds;Real Estate Funds
VERZ;VERIZON;Telecommunications;Telecommunications;Telecommunications
VISA;VISA INC;Financial;Diversified Financial Services;Diversified Financial Services
VIVR;VIVER;Consumer Cyclical;Heavy Construction;Homebuilding 
VIVT;TELEF BRASIL;Telecommunications;Telecommunications;Telecommunications
VLCR;FDC VALECRED;Financial;Financial Management and Mutual Funds;Receivables-Backed Funds
VLID;VALID;Capital Goods and Services;Diversified Services;Diversified Services
VLJS;FII VQ LAJES;Financial;Financial Management and Mutual Funds;Real Estate Funds
VLOE;VALERO ENER;Oil, Gas and Biofuels;Oil, Gas and Biofuels;Exploration, Refining and Distribution
VLOL;FII OLIMPIA;Financial;Financial Management and Mutual Funds;Real Estate Funds
VOES;VIAOESTE;Capital Goods and Services;Transportation;Toll Roads and Highways
VPSI;FII POLO SHO;Financial;Financial Management and Mutual Funds;Real Estate Funds
VRTA;FII FATOR VE;Financial;Financial Management and Mutual Funds;Real Estate Funds
VSPT;FER C ATLANT;Capital Goods and Services;Transportation;Railroads
VULC;VULCABRAS;Consumer Cyclical;Textiles, Apparel and Footwear;Footwear
VVAR;VIAVAREJO;Consumer Cyclical;Retail;Electronics and Household Appliance
WALM;WAL MART;Consumer Non Cyclical;Retail and Distribution;Food Retailers
WEGE;WEG;Capital Goods and Services;Machines and Equipments;Motors, Compressors and Others
WFCO;WELLS FARGO;Financial;Financial Intermediaries;Banks
WGBA;WALGREEN B.A;Health;Retail and Distribution;Pharmaceutical and Others Products
WHRL;WHIRLPOOL;Consumer Cyclical;Household Products;Household Appliance
WIZS;WIZ S.A.;Financial;Insurance, Life and Multi-line;Insurance Brokers
WLMM;WLM IND COM;Capital Goods and Services;Retail;Transportation Material
WPLZ;FII W PLAZA;Financial;Financial Management and Mutual Funds;Real Estate Funds
WSON;WILSON SONS;Capital Goods and Services;Transportation;Warehousing and Storage
WTPI;WTORRE PIC;Financial;Asset-backed Securitization;Asset-backed Securitization
WTVP;BRPR 55 SEC;Financial;Asset-backed Securitization;Asset-backed Securitization
WTVR;BRPR 56 SEC;Financial;Asset-backed Securitization;Asset-backed Securitization
WUNI;WESTERNUNION;Financial;Diversified Financial Services;Diversified Financial Services
XBOV;CAIXAETFXBOV;Financial;Financial Management and Mutual Funds;Mutual Funds
XPCM;FII XP MACAE;Financial;Financial Management and Mutual Funds;Real Estate Funds
XPOM;FIP XP OMEGA;Financial;Financial Management and Mutual Funds;Mutual Funds
XPTD;FIA TOP DIV;Financial;Financial Management and Mutual Funds;Mutual Funds
XRXB;XEROX CORP;Information Technology;Hardware and Equipments;Hardware and Equipments
XTED;FII TRXE COR;Financial;Financial Management and Mutual Funds;Real Estate Funds
